{"descriptor":{"scope":"exchange-symbols","provider":"eodhd","key":"LS_common"},"payload":[{"code":"ALSMB","name":"ALSMB","exchange":"LS","country":"Portugal","currency":"EUR","isin":null,"type":"Common Stock"},{"code":"ALTR","name":"Altri SGPS SA","exchange":"LS","country":"Portugal","currency":"EUR","isin":"PTALT0AE0002","type":"Common Stock"},{"code":"BCP","name":"Banco Comercial Portugues","exchange":"LS","country":"Portugal","currency":"EUR","isin":"PTBCP0AM0015","type":"Common Stock"},{"code":"CDU","name":"Conduril - Engenharia S.A","exchange":"LS","country":"Portugal","currency":"EUR","isin":"PTCDU0AE0003","type":"Common Stock"},{"code":"COR","name":"Corticeira Amorim","exchange":"LS","country":"Portugal","currency":"EUR","isin":"PTCOR0AE0006","type":"Common Stock"},{"code":"CTT","name":"CTT Correios de Portugal SA","exchange":"LS","country":"Portugal","currency":"EUR","isin":"PTCTT0AM0001","type":"Common Stock"},{"code":"EDP","name":"EDP - Energias de Portugal S.A.","exchange":"LS","country":"Portugal","currency":"EUR","isin":"PTEDP0AM0009","type":"Common Stock"},{"code":"EDPR","name":"EDP Renovaveis","exchange":"LS","country":"Portugal","currency":"EUR","isin":"ES0127797019","type":"Common Stock"},{"code":"EGL","name":"Mota-Engil SGPS S.A","exchange":"LS","country":"Portugal","currency":"EUR","isin":"PTMEN0AE0005","type":"Common Stock"},{"code":"ESON","name":"Estoril Sol SGPS SA","exchange":"LS","country":"Portugal","currency":"EUR","isin":"PTESO0AM0000","type":"Common Stock"},{"code":"FCP","name":"Futebol Clube do Porto - Futebol S.A.D.","exchange":"LS","country":"Portugal","currency":"EUR","isin":"PTFCP0AM0008","type":"Common Stock"},{"code":"FLEXD","name":"Flexdeal Simfe S.A.","exchange":"LS","country":"Portugal","currency":"EUR","isin":null,"type":"Common Stock"},{"code":"GALP","name":"Galp Energia SGPS S.A.","exchange":"LS","country":"Portugal","currency":"EUR","isin":"PTGAL0AM0009","type":"Common Stock"},{"code":"GLINT","name":"Glintt","exchange":"LS","country":"Portugal","currency":"EUR","isin":"PTPAD0AM0007","type":"Common Stock"},{"code":"IBS","name":"Ibersol SGPS","exchange":"LS","country":"Portugal","currency":"EUR","isin":"PTIBS0AM0008","type":"Common Stock"},{"code":"IPR","name":"Impresa - Sociedade Gestora de Participações Sociais S.A","exchange":"LS","country":"Portugal","currency":"EUR","isin":"PTIPR0AM0000","type":"Common Stock"},{"code":"JMT","name":"Jeronimo Martins SGPS SA","exchange":"LS","country":"Portugal","currency":"EUR","isin":"PTJMT0AE0001","type":"Common Stock"},{"code":"MAR","name":"Martifer SGPS S.A","exchange":"LS","country":"Portugal","currency":"EUR","isin":"PTMFR0AM0003","type":"Common Stock"},{"code":"MCP","name":"Media Capital","exchange":"LS","country":"Portugal","currency":"EUR","isin":"PTGMC0AM0003","type":"Common Stock"},{"code":"MLFMV","name":"Farminveste, S.G.P.S., S.A.","exchange":"LS","country":"Portugal","currency":"EUR","isin":null,"type":"Common Stock"},{"code":"MLRZE","name":"Raize Servicos de Gestao SA","exchange":"LS","country":"Portugal","currency":"EUR","isin":"PTRIZ0AM0009","type":"Common Stock"},{"code":"MRL","name":"Merlin Properties SOCIMI SA","exchange":"LS","country":"Portugal","currency":"EUR","isin":"ES0105025003","type":"Common Stock"},{"code":"NBA","name":"Novabase SGPS","exchange":"LS","country":"Portugal","currency":"EUR","isin":"PTNBA0AM0006","type":"Common Stock"},{"code":"NOS","name":"NOS S.G.P.S. S.A.","exchange":"LS","country":"Portugal","currency":"EUR","isin":"PTZON0AM0006","type":"Common Stock"},{"code":"NVG","name":"The Navigator Company SA","exchange":"LS","country":"Portugal","currency":"EUR","isin":"PTPTI0AM0006","type":"Common Stock"},{"code":"PHR","name":"Pharol SGPS SA","exchange":"LS","country":"Portugal","currency":"EUR","isin":"PTPTC0AM0009","type":"Common Stock"},{"code":"RAM","name":"Ramada Investimentos e Industria S.A","exchange":"LS","country":"Portugal","currency":"EUR","isin":"PTFRV0AE0004","type":"Common Stock"},{"code":"RENE","name":"REN - Redes Energéticas Nacionais SGPS S.A","exchange":"LS","country":"Portugal","currency":"EUR","isin":"PTREL0AM0008","type":"Common Stock"},{"code":"SCB","name":"Sporting Clube de Braga - Futebol SAD","exchange":"LS","country":"Portugal","currency":"EUR","isin":"PTSCB0AM0001","type":"Common Stock"},{"code":"SCP","name":"Sporting Clube de Portugal - Futebol SAD","exchange":"LS","country":"Portugal","currency":"EUR","isin":"PTSCP0AM0001","type":"Common Stock"},{"code":"SCT","name":"Toyota Caetano","exchange":"LS","country":"Portugal","currency":"EUR","isin":"PTSCT0AP0018","type":"Common Stock"},{"code":"SEM","name":"Semapa","exchange":"LS","country":"Portugal","currency":"EUR","isin":"PTSEM0AM0004","type":"Common Stock"},{"code":"SLBEN","name":"Benfica","exchange":"LS","country":"Portugal","currency":"EUR","isin":"PTSLB0AM0010","type":"Common Stock"},{"code":"SNC","name":"Sonaecom SGPS","exchange":"LS","country":"Portugal","currency":"EUR","isin":"PTSNC0AM0006","type":"Common Stock"},{"code":"SON","name":"Sonae SGPS SA","exchange":"LS","country":"Portugal","currency":"EUR","isin":"PTSON0AM0001","type":"Common Stock"},{"code":"TDSA","name":"Teixeira Duarte","exchange":"LS","country":"Portugal","currency":"EUR","isin":"PTTD10AM0000","type":"Common Stock"},{"code":"VAF","name":"VAA Vista Alegre Atlantis SGPS SA","exchange":"LS","country":"Portugal","currency":"EUR","isin":"PTVAA0AM0019","type":"Common Stock"}],"createdAt":"2025-11-21T11:08:17.375Z"}